{
  "description": "Secure headers for newsletter.turczynski.pl (Report-Only CSP)",
  "enabled": true,
  "expression": "(http.host eq \"newsletter.turczynski.pl\")",
  "action": "rewrite",
  "action_parameters": {
    "headers": {
      "set": {
        "Referrer-Policy": "strict-origin-when-cross-origin",
        "Permissions-Policy": "accelerometer=(), autoplay=(), camera=(), clipboard-read=(), clipboard-write=(), geolocation=(), gyroscope=(), magnetometer=(), microphone=(), payment=(), usb=(), fullscreen=()",
        "X-Content-Type-Options": "nosniff",
        "Cache-Control": "public, max-age=0, must-revalidate",
        "Strict-Transport-Security": "max-age=31536000; includeSubDomains; preload",
        "Content-Security-Policy-Report-Only": "default-src 'self' https:; img-src 'self' data: https:; object-src 'none'; base-uri 'self'; form-action 'self' https:; frame-ancestors 'self' https://*.substack.com https://substack.com; upgrade-insecure-requests"
      },
      "remove": [
        "x-powered-by",
        "x-service",
        "x-served-by",
        "x-deploy"
      ]
    }
  }
}